source,dataset,seed,stress,model,params,calibration_abs_bias,calibration_enabled,mse,mae,latency_p50_ms,latency_p95_ms,latency_mean_ms,capacity_under_rate,capacity_over_rate,capacity_mean_under,capacity_mean_over,capacity_cost,max_memory_mb,pool
alibaba2018,alibaba2018,42,clean,race_dlinear,4668,0.0149528980255126,1.0,0.2666269242763519,0.3775905072689056,0.3796290257014334,0.3965385025367141,0.3822056693024933,0.1823643676808866,0.8014780361250523,1.3015806674957275,7.180596828460693,0.4123269021511078,17,core_lightweight
alibaba2018,alibaba2018,42,clean,dlinear,2334,0.0,0.0,0.2683740854263305,0.381475031375885,0.1488745328970253,0.1557714771479367,0.1503005565609783,0.175007270101422,0.805199266128189,1.236219882965088,7.474731922149658,0.4098318219184875,17,core_lightweight
alibaba2018,alibaba2018,42,clean,patchtst,124184,0.0,0.0,0.2863638997077942,0.3982448279857635,0.6570630357600749,0.6946869194507599,0.656196495401673,0.193229493412798,0.8051588312944374,1.4020133018493652,7.1941680908203125,0.472714900970459,37,core_lightweight
alibaba2018,alibaba2018,42,missing_30,race_dlinear,4668,0.0228596795350313,1.0,0.284088522195816,0.4006928503513336,0.3758135135285556,0.5121285619679838,0.4135942319408059,0.1967824491583019,0.7829523473442075,1.3912806510925293,7.317798137664795,0.5244203209877014,17,core_lightweight
alibaba2018,alibaba2018,42,missing_30,dlinear,2334,0.0,0.0,0.2865775823593139,0.4056868553161621,0.1354389823973179,0.1740235777106136,0.1411859964719042,0.1837105617419489,0.7922711470096194,1.2885392904281616,7.766280174255371,0.5080541968345642,17,core_lightweight
alibaba2018,alibaba2018,42,missing_30,patchtst,124184,0.0,0.0,0.2886970639228821,0.399091511964798,0.6765969446860254,0.693934946320951,0.679742987267673,0.2025948544019238,0.7629326118778753,1.3246135711669922,7.673000812530518,0.4354794919490814,37,core_lightweight
alibaba2018,alibaba2018,42,missing_variables_30,patchtst,124184,0.0,0.0,0.3469153642654419,0.4382833838462829,0.6942775216884911,0.7434754807036369,0.7014805800281465,0.217451592560644,0.7504108832601422,1.6495749950408936,7.707683086395264,0.4998887479305267,37,core_lightweight
alibaba2018,alibaba2018,42,missing_variables_30,race_dlinear,4668,0.1042382717132568,1.0,0.4470900595188141,0.5144857168197632,0.3663989482447505,0.391714129364118,0.3714293532539159,0.2467390736093684,0.7262047129861983,2.1476259231567383,7.826420783996582,0.8654347062110901,17,core_lightweight
alibaba2018,alibaba2018,42,missing_variables_30,dlinear,2334,0.0,0.0,0.4616995453834533,0.5353740453720093,0.2565989852882921,0.3136515384539961,0.2650047070346772,0.2014855512860727,0.7726708718893768,1.734562635421753,9.32304573059082,0.888628363609314,17,core_lightweight
alibaba2018,alibaba2018,42,delayed_12,race_dlinear,4668,0.0199004504829645,1.0,0.3109900951385498,0.4169459342956543,0.3809384652413428,0.3935564600396901,0.3819863311946392,0.1945319851787955,0.7912116726787954,1.464510202407837,7.572252750396728,0.4640618562698364,17,core_lightweight
alibaba2018,alibaba2018,42,delayed_12,dlinear,2334,0.0,0.0,0.3130440413951874,0.42139732837677,0.148933962918818,0.1889404549729079,0.153469925862737,0.1801972239648682,0.7999206823766206,1.3521223068237305,8.018190383911133,0.4535287320613861,17,core_lightweight
alibaba2018,alibaba2018,42,delayed_12,patchtst,124184,0.0,0.0,0.3132974505424499,0.4149247407913208,0.6641619256697595,0.6953545787837356,0.6680615013465285,0.2099343893768298,0.7826035458490171,1.56342351436615,7.198919773101807,0.4778243601322174,37,core_lightweight
alibaba2018,alibaba2018,42,level_shift,race_dlinear,4668,0.0207060184329748,1.0,0.2667138278484344,0.3773130178451538,0.3587589599192142,0.3764054737985134,0.3609405946917832,0.183105672966332,0.7986970181148055,1.2985053062438965,7.185669422149658,0.4024496078491211,17,core_lightweight
alibaba2018,alibaba2018,42,level_shift,dlinear,2334,0.0,0.0,0.2697060704231262,0.3837312757968902,0.1422589994035661,0.1516145304776728,0.1435820275219157,0.1716589391206608,0.8045090149257633,1.2049318552017212,7.615252494812012,0.4060648679733276,17,core_lightweight
alibaba2018,alibaba2018,42,level_shift,patchtst,124184,0.0,0.0,0.2859117090702057,0.3963180482387543,0.6551925325766206,0.6723445025272667,0.6576187472091988,0.1952602206189878,0.7909996961260979,1.37093186378479,7.239614486694336,0.4302929937839508,37,core_lightweight
alibaba2018,alibaba2018,2024,clean,race_dlinear,4668,0.0210276991128921,1.0,0.2670406997203827,0.3787530958652496,0.3739634994417429,0.545041961595416,0.3920035262126475,0.1837371098651192,0.7926326099173986,1.2971984148025513,7.20328426361084,0.40773805975914,17,core_lightweight
alibaba2018,alibaba2018,2024,clean,dlinear,2334,0.0,0.0,0.2672003209590912,0.3811029195785522,0.1456394675187766,0.1522264792583882,0.1470528572099283,0.1761904995294855,0.8172664091907151,1.2673145532608032,7.366725921630859,0.4398970901966095,17,core_lightweight
alibaba2018,alibaba2018,2024,clean,patchtst,124184,0.0,0.0,0.2827787399291992,0.3894068896770477,0.6657695048488677,0.7552509778179227,0.680442078737542,0.1878516605238394,0.7977886638697198,1.3131475448608398,7.515809535980225,0.4273658692836761,37,core_lightweight
alibaba2018,alibaba2018,2024,missing_30,race_dlinear,4668,0.0272149872034788,1.0,0.284155786037445,0.4009227454662323,0.3819369594566524,0.4829679790418595,0.3924063232261687,0.1963977055886658,0.782743229820159,1.3857698440551758,7.350744724273682,0.5222256779670715,17,core_lightweight
alibaba2018,alibaba2018,2024,missing_30,dlinear,2334,0.0,0.0,0.2850445806980133,0.4036278426647186,0.1445640809834003,0.1483809435740113,0.142351901740767,0.1883238086836051,0.790696230656629,1.3281408548355105,7.583444595336914,0.5235195159912109,17,core_lightweight
alibaba2018,alibaba2018,2024,missing_30,patchtst,124184,0.0,0.0,0.2890825867652893,0.3976238965988159,0.6766899605281651,0.712945923442021,0.6697485456243157,0.2163361629548306,0.7523096867158093,1.4626909494400024,7.040424346923828,0.4296497106552124,37,core_lightweight
alibaba2018,alibaba2018,2024,missing_variables_30,patchtst,124184,0.0,0.0,0.3535545170307159,0.4466457366943359,0.6434409879148006,0.6665410590358078,0.6401067337719724,0.2078419888383521,0.7610632155740276,1.6005208492279053,8.107624053955078,0.5117862820625305,37,core_lightweight
alibaba2018,alibaba2018,2024,missing_variables_30,race_dlinear,4668,0.1074902936816215,1.0,0.4496103823184967,0.5167908072471619,0.3712025936692953,0.3872630128171295,0.3669344034278765,0.2445923515265579,0.7276726199811794,2.127488136291504,7.902917861938477,0.8448753356933594,17,core_lightweight
alibaba2018,alibaba2018,2024,missing_variables_30,dlinear,2334,0.0,0.0,0.4617370665073395,0.5345509052276611,0.1329490332864225,0.1453874574508518,0.1368285011267289,0.1998595808500627,0.774580294594312,1.7088735103607178,9.382439613342283,0.9086543321609496,17,core_lightweight
alibaba2018,alibaba2018,2024,delayed_12,race_dlinear,4668,0.0331466794013977,1.0,0.3088431358337402,0.4136210978031158,0.3689374425448477,0.3866534738335758,0.3709827811690047,0.1940520767984107,0.7806381678690925,1.45249605178833,7.584639549255371,0.4441127181053161,17,core_lightweight
alibaba2018,alibaba2018,2024,delayed_12,dlinear,2334,0.0,0.0,0.3107742071151733,0.4203983247280121,0.1434299629181623,0.1577104500029236,0.1458820945117622,0.1811725611668757,0.8188274388331243,1.3966221809387207,7.877285480499268,0.518421471118927,17,core_lightweight
alibaba2018,alibaba2018,2024,delayed_12,patchtst,124184,0.0,0.0,0.3351609408855438,0.4381413459777832,0.6640004576183856,0.678829406388104,0.6659706210484728,0.1759646362662066,0.8221696433239231,1.347508430480957,8.321357727050781,0.4928504824638366,37,core_lightweight
alibaba2018,alibaba2018,2024,level_shift,dlinear,2334,0.0,0.0,0.2676182389259338,0.3815594315528869,0.1461990177631378,0.1588895276654511,0.1482460822444409,0.1767149270702634,0.8160705183500627,1.2698582410812378,7.363410949707031,0.4401372373104095,17,core_lightweight
alibaba2018,alibaba2018,2024,level_shift,race_dlinear,4668,0.0159156043082475,1.0,0.2683868110179901,0.3809615969657898,0.3658779896795749,0.3804265114013105,0.3631165018305182,0.1836362269970723,0.7802052292450857,1.2888866662979126,7.26357889175415,0.405987948179245,17,core_lightweight
alibaba2018,alibaba2018,2024,level_shift,patchtst,124184,0.0,0.0,0.27204430103302,0.382246732711792,0.6234360043890774,0.6689995178021491,0.6337185739539564,0.214321773055207,0.7452560546058135,1.34538733959198,7.113673210144043,0.4085631072521209,37,core_lightweight
alibaba2018,alibaba2018,2025,clean,race_dlinear,4668,0.0176523458212614,1.0,0.2669788897037506,0.3781337440013885,0.3956230357289314,0.5653770058415828,0.4264654009602964,0.1848986923619824,0.7842924149153074,1.288512945175171,7.241256237030029,0.3970760405063629,17,core_lightweight
alibaba2018,alibaba2018,2025,clean,dlinear,2334,0.0,0.0,0.2678300440311432,0.3797386288642883,0.1429340336471796,0.1522934297099709,0.1421324705006554,0.178155060644082,0.8070012710424509,1.2635008096694946,7.369230270385742,0.4080354869365692,17,core_lightweight
alibaba2018,alibaba2018,2025,clean,patchtst,124184,0.0,0.0,0.2809903621673584,0.3906968235969543,0.6859014974907041,0.7046699640341103,0.6886757822940126,0.2149462665987034,0.742948410053325,1.3692073822021484,7.223433017730713,0.4218806326389313,37,core_lightweight
alibaba2018,alibaba2018,2025,missing_30,race_dlinear,4668,0.0290455166250467,1.0,0.2850163280963897,0.4016989767551422,0.3474580007605254,0.3549136163201183,0.3479125414742157,0.1963164274884985,0.7818226225951485,1.3853110074996948,7.371114253997803,0.5208353400230408,17,core_lightweight
alibaba2018,alibaba2018,2025,missing_30,dlinear,2334,0.0,0.0,0.2854995429515838,0.4028531014919281,0.1676739775575697,0.179924932308495,0.1646431162953376,0.1898252071570472,0.7871040653753659,1.3268771171569824,7.63599681854248,0.5161609053611755,17,core_lightweight
alibaba2018,alibaba2018,2025,missing_30,patchtst,124184,0.0,0.0,0.2866714894771576,0.398368775844574,0.6243420066311955,0.6460124743171034,0.6322340195765719,0.1970328183814303,0.7673935134358009,1.2800898551940918,7.627214431762695,0.4200420081615448,37,core_lightweight
alibaba2018,alibaba2018,2025,missing_variables_30,patchtst,124184,0.0,0.0,0.3454184532165527,0.4358823895454407,0.6236669723875821,0.6388255394995213,0.6264925468713045,0.2366246471141781,0.7318692656053952,1.7343294620513916,7.347846508026123,0.5073254108428955,37,core_lightweight
alibaba2018,alibaba2018,2025,missing_variables_30,race_dlinear,4668,0.1016950830817222,1.0,0.4483139216899872,0.5144410729408264,0.3450135700404644,0.3593124914914369,0.3472104348475113,0.2462175050972396,0.7266053854297365,2.156048059463501,7.824574947357178,0.8683450818061829,17,core_lightweight
alibaba2018,alibaba2018,2025,missing_variables_30,dlinear,2334,0.0,0.0,0.4600640535354614,0.5341404676437378,0.1385995419695973,0.1488744688685983,0.1404512557201087,0.1988487100062735,0.7775140664209536,1.6929607391357422,9.422650337219238,0.9237504005432128,17,core_lightweight
alibaba2018,alibaba2018,2025,delayed_12,race_dlinear,4668,0.0253118574619293,1.0,0.3115679919719696,0.4165350794792175,0.3390540368854999,0.3540719742886722,0.3405699972063303,0.1939565035549979,0.7859596370503973,1.4553288221359253,7.622427463531494,0.4537596106529236,17,core_lightweight
alibaba2018,alibaba2018,2025,delayed_12,dlinear,2334,0.0,0.0,0.3123586177825928,0.4186615645885467,0.1326444908045232,0.1565415179356932,0.1367713033687323,0.1822475559389376,0.7909576275616896,1.357508420944214,7.991016864776611,0.4411239624023437,17,core_lightweight
alibaba2018,alibaba2018,2025,delayed_12,patchtst,124184,0.0,0.0,0.3306991457939148,0.4328003227710724,0.638467026874423,0.6952509051188827,0.6393378222128376,0.1920303351108322,0.7725279204569218,1.3600103855133057,8.27244758605957,0.4475166201591491,37,core_lightweight
alibaba2018,alibaba2018,2025,level_shift,race_dlinear,4668,0.018819959834218,1.0,0.2671325802803039,0.3781931102275848,0.3619435592554509,0.3798184217885136,0.3576030489057302,0.1840454765265579,0.7870285053324969,1.2867125272750854,7.248521327972412,0.3957016766071319,17,core_lightweight
alibaba2018,alibaba2018,2025,level_shift,dlinear,2334,0.0,0.0,0.2681225538253784,0.3808534443378448,0.1344389747828245,0.1420625019818544,0.1357120752800256,0.1755455843527812,0.8115871529956086,1.2502950429916382,7.432685375213623,0.4171565771102905,17,core_lightweight
alibaba2018,alibaba2018,2025,level_shift,patchtst,124184,0.0,0.0,0.2814253270626068,0.3879662454128265,0.659387034829706,0.7740714179817587,0.6740132492268458,0.2026932866739857,0.7676414320629443,1.3866925239562988,7.081662654876709,0.3990952968597412,37,core_lightweight
alibaba2018,alibaba2018,2026,clean,race_dlinear,4668,0.0151074370369315,1.0,0.2663315236568451,0.3771840631961822,0.3354634973220527,0.3470789990387856,0.3379253670573234,0.182957411909243,0.8080909693904225,1.3082002401351929,7.167055606842041,0.4226150214672088,17,core_lightweight
alibaba2018,alibaba2018,2026,clean,dlinear,2334,0.0,0.0,0.2685036361217499,0.3807353973388672,0.1328944345004856,0.1479235012084245,0.135705282445997,0.1760859407674613,0.8007244778596821,1.2473219633102417,7.431303024291992,0.4021778106689453,17,core_lightweight
alibaba2018,alibaba2018,2026,clean,patchtst,124184,0.0,0.0,0.2809061110019684,0.3879291117191314,0.6565324729308486,0.6821269926149395,0.6652966811088845,0.1978427403544542,0.775478846455458,1.392391562461853,7.1262969970703125,0.4148628115653991,37,core_lightweight
alibaba2018,alibaba2018,2026,missing_30,race_dlinear,4668,0.0109432814642786,1.0,0.2852905094623565,0.4024477005004883,0.3608735278248787,0.380605086684227,0.3623915748903528,0.1963466515056461,0.7818262984891259,1.3828356266021729,7.384235382080078,0.5196235775947571,17,core_lightweight
alibaba2018,alibaba2018,2026,missing_30,patchtst,124184,0.0,0.0,0.2859688997268677,0.3977933228015899,0.6208770209923387,0.7251019240356981,0.6309962249360979,0.2182500784190715,0.7485827386553743,1.423092007637024,7.229405403137207,0.4573571383953094,37,core_lightweight
alibaba2018,alibaba2018,2026,missing_30,dlinear,2334,0.0,0.0,0.2859953343868255,0.4046745598316192,0.1423789653927087,0.1558364543598145,0.1438415085431188,0.1848892984107068,0.7920599873222501,1.2912858724594116,7.770341396331787,0.5167855620384216,17,core_lightweight
alibaba2018,alibaba2018,2026,missing_variables_30,patchtst,124184,0.0,0.0,0.3494128286838531,0.4361787736415863,0.6204979727044702,0.6394530471879989,0.623667353647761,0.2405819511971978,0.7244709163268507,1.8399897813797,7.22806978225708,0.5073839426040649,37,core_lightweight
alibaba2018,alibaba2018,2026,missing_variables_30,race_dlinear,4668,0.1111530363559722,1.0,0.4513850808143616,0.5178514122962952,0.3435829421505332,0.3579605952836573,0.3455481142736971,0.2472643180154747,0.7262345285706817,2.1687490940093994,7.825273513793945,0.8514286875724792,17,core_lightweight
alibaba2018,alibaba2018,2026,missing_variables_30,dlinear,2334,0.0,0.0,0.4626696705818176,0.535844087600708,0.1331639941781759,0.1392674923408776,0.1343243871815502,0.199644745268716,0.774286631508783,1.7015188932418823,9.413308143615724,0.9082208871841432,17,core_lightweight
alibaba2018,alibaba2018,2026,delayed_12,race_dlinear,4668,0.025285517796874,1.0,0.3110505938529968,0.4164325594902038,0.3545159706845879,0.3673120168969035,0.3559618286089971,0.1932323524414471,0.786563708960686,1.454850673675537,7.608841419219971,0.4519750475883484,17,core_lightweight
alibaba2018,alibaba2018,2026,delayed_12,dlinear,2334,0.0,0.0,0.3132086992263794,0.4208307266235351,0.1370150130242109,0.1480265171267092,0.1385342009598389,0.1782857590966123,0.813042807010665,1.3503007888793943,8.031707763671875,0.4613969922065735,17,core_lightweight
alibaba2018,alibaba2018,2026,delayed_12,patchtst,124184,0.0,0.0,0.3247562050819397,0.4356017708778381,0.6915165577083826,0.7428385608363893,0.7057571725454181,0.2296322799038059,0.7255990073452531,1.581074357032776,7.501967906951904,0.5093517303466797,37,core_lightweight
alibaba2018,alibaba2018,2026,level_shift,race_dlinear,4668,0.0085116298869252,1.0,0.2670819163322449,0.3778457343578338,0.3740405081771314,0.3899309551343322,0.3772821859456599,0.1814217050920117,0.8113384175031367,1.301557183265686,7.19138240814209,0.416675865650177,17,core_lightweight
alibaba2018,alibaba2018,2026,level_shift,dlinear,2334,0.0,0.0,0.2688415050506592,0.3817049264907837,0.137140043079853,0.1487174245994538,0.1387139200232923,0.1754189702268925,0.8066398081346717,1.2457331418991089,7.44654655456543,0.4102179706096649,17,core_lightweight
alibaba2018,alibaba2018,2026,level_shift,patchtst,124184,0.0,0.0,0.2784386873245239,0.3834779858589172,0.6524400087073445,0.6764024554286152,0.655629628454335,0.212041493491217,0.7523472625209118,1.41186261177063,7.022095203399658,0.3988668024539947,37,core_lightweight
alibaba2018,alibaba2018,2027,clean,race_dlinear,4668,0.0230663251131773,1.0,0.2674430906772613,0.3786629140377044,0.3924000193364918,0.4138469754252583,0.3952957253204658,0.1830758573818486,0.795467541039314,1.2997283935546875,7.202138900756836,0.4058473110198974,17,core_lightweight
alibaba2018,alibaba2018,2027,clean,dlinear,2334,0.0,0.0,0.2687368392944336,0.3838107585906982,0.1461150241084396,0.1855494978372007,0.1510018220869824,0.1721118909452112,0.8094694296319531,1.2204848527908323,7.5484490394592285,0.4154771864414215,17,core_lightweight
alibaba2018,alibaba2018,2027,clean,patchtst,124184,0.0,0.0,0.2764188647270202,0.3853872120380401,0.6825944874435663,0.7203464861959219,0.6801922718295828,0.1835582163582183,0.7960965273421162,1.319306492805481,7.3689045906066895,0.4125342071056366,37,core_lightweight
alibaba2018,alibaba2018,2027,missing_30,race_dlinear,4668,0.0234597399830818,1.0,0.2841867506504059,0.4013633131980896,0.3441995359025895,0.3800485574174672,0.3503911051666364,0.1952589953209954,0.7784391664052698,1.3636325597763062,7.439358234405518,0.4978688061237335,17,core_lightweight
alibaba2018,alibaba2018,2027,missing_30,dlinear,2334,0.0,0.0,0.2870314121246338,0.4061265587806701,0.132904970087111,0.1486939669121056,0.1366036507533863,0.1833972938885403,0.7965629574445838,1.2928502559661863,7.773586750030518,0.5351375937461853,17,core_lightweight
alibaba2018,alibaba2018,2027,missing_30,patchtst,124184,0.0,0.0,0.2896953821182251,0.3980934023857116,0.6094290292821825,0.6228145037312061,0.611226778710261,0.2256141193538268,0.7463482035497699,1.516982078552246,6.880850315093994,0.446052223443985,37,core_lightweight
alibaba2018,alibaba2018,2027,missing_variables_30,patchtst,124184,0.0,0.0,0.3560773134231567,0.4476617574691772,0.6102839834056795,0.622555980226025,0.6120161997387186,0.2333776074341279,0.764768108270598,1.7101569175720217,7.580953121185303,0.5554845333099365,37,core_lightweight
alibaba2018,alibaba2018,2027,missing_variables_30,race_dlinear,4668,0.1004146263003349,1.0,0.4527923762798309,0.5194090008735657,0.3387890174053609,0.3552036185283214,0.3408834338188171,0.2453438676286072,0.7280598141468005,2.149871826171875,7.909392356872559,0.8753810524940491,17,core_lightweight
alibaba2018,alibaba2018,2027,missing_variables_30,dlinear,2334,0.0,0.0,0.4647393524646759,0.5370096564292908,0.1332844840362668,0.1534065522719174,0.1359867252176627,0.2038503764115433,0.7740039961051861,1.75399649143219,9.31988525390625,0.9516668915748596,17,core_lightweight
alibaba2018,alibaba2018,2027,delayed_12,race_dlinear,4668,0.0343129709362983,1.0,0.3110589683055877,0.4157939851284027,0.3489090013317764,0.3622949181590229,0.3502064355416223,0.1933271088195315,0.790322106336261,1.4510341882705688,7.611273288726807,0.4449584484100342,17,core_lightweight
alibaba2018,alibaba2018,2027,delayed_12,dlinear,2334,0.0,0.0,0.3147673308849334,0.4227210581302643,0.1358589506708085,0.1425469061359763,0.1374118961393833,0.1816541032779172,0.7812740975271852,1.3441247940063477,8.094917297363281,0.4401136636734009,17,core_lightweight
alibaba2018,alibaba2018,2027,delayed_12,patchtst,124184,0.0,0.0,0.3249032199382782,0.4295337796211242,0.6272985483519733,0.643960980232805,0.6301368703134358,0.1783061807298201,0.7981533942388123,1.314301609992981,8.383981704711914,0.4559994339942932,37,core_lightweight
alibaba2018,alibaba2018,2027,level_shift,race_dlinear,4668,0.0243905782699584,1.0,0.2675726115703583,0.3785296380519867,0.3519394667819142,0.3808390523772686,0.361142581095919,0.1833858577739439,0.7947033635246759,1.2942259311676023,7.218179702758789,0.3994931578636169,17,core_lightweight
alibaba2018,alibaba2018,2027,level_shift,dlinear,2334,0.0,0.0,0.2695352137088775,0.382900059223175,0.1445795060135424,0.1517165452241897,0.1457743201171979,0.1754692074445838,0.8060153145911753,1.241755723953247,7.474730491638184,0.412718266248703,17,core_lightweight
alibaba2018,alibaba2018,2027,level_shift,patchtst,124184,0.0,0.0,0.276654452085495,0.3881033360958099,0.6501329480670393,0.6750849890522658,0.6497397000202909,0.1840062669907988,0.7950770794123797,1.282648682594299,7.461381912231445,0.4175368845462799,37,core_lightweight
salesforce_borg,salesforce_borg,42,clean,race_dlinear,4672,0.0249150302261114,1.0,0.0247299559414386,0.0842605605721473,0.3668635035865009,0.3835974843241274,0.3690599027322605,0.3503542036767872,0.6496378055017227,0.017518188804388,0.2220486551523208,0.1379166692495346,18,core_lightweight
salesforce_borg,salesforce_borg,42,clean,dlinear,2336,0.0,0.0,0.0247910115867853,0.0879359394311904,0.1432140124961733,0.1495239383075385,0.1420254731783643,0.1776624576065891,0.8223337572674418,0.0147086726501584,0.2504206001758575,0.1471434831619262,17,core_lightweight
salesforce_borg,salesforce_borg,42,clean,patchtst,126232,0.0,0.0,0.0269569512456655,0.0903578773140907,0.6535474676638842,0.6660825863946229,0.658804940758273,0.3508635134043927,0.6491289163436692,0.0204542353749275,0.2182250618934631,0.1430510878562927,37,core_lightweight
salesforce_borg,salesforce_borg,42,missing_30,patchtst,126232,0.0,0.0,0.0346036329865455,0.1077209413051605,0.6214880268089473,0.6376720382831991,0.6244427961064503,0.2192883290267011,0.7807070447082257,0.0208393186330795,0.2845552563667297,0.1743376404047012,37,core_lightweight
salesforce_borg,salesforce_borg,42,missing_30,dlinear,2336,0.0,0.0,0.0381922908127307,0.1303306072950363,0.1379039604216814,0.1498119614552706,0.1396361971274018,0.2175429653854435,0.7824540906276917,0.0214505828917026,0.2844334840774536,0.2003692388534546,17,core_lightweight
salesforce_borg,salesforce_borg,42,missing_30,race_dlinear,4672,0.0384440384805202,1.0,0.0393348969519138,0.1321854293346405,0.3570139524526894,0.3758395032491535,0.3594289213651791,0.3026822243755383,0.6973106259420758,0.0272244904190301,0.2405354529619217,0.183669701218605,18,core_lightweight
salesforce_borg,salesforce_borg,42,missing_variables_30,patchtst,126232,0.0,0.0,0.1019908264279365,0.1928238421678543,0.6798625108785927,0.7032010180409998,0.6835764303104952,0.4312473924687769,0.5687374670273471,0.0407534278929233,0.4095433354377746,0.2908521592617035,37,core_lightweight
salesforce_borg,salesforce_borg,42,missing_variables_30,race_dlinear,4672,0.2069994211196899,1.0,0.1590935736894607,0.2864929139614105,0.3779584658332169,0.4012045275885612,0.3811560658505186,0.4496742268249354,0.5503190440622309,0.1219092980027198,0.2915952801704407,0.4194216728210449,18,core_lightweight
salesforce_borg,salesforce_borg,42,missing_variables_30,dlinear,2336,0.0,0.0,0.1608713716268539,0.2800773978233337,0.1495899632573127,0.1651685102842748,0.1519492507213726,0.2322763579349698,0.7677202775086133,0.0648670941591262,0.5268940925598145,0.4506387114524841,17,core_lightweight
salesforce_borg,salesforce_borg,42,delayed_12,dlinear,2336,0.0,0.0,0.0358550362288951,0.1076015457510948,0.1452795113436877,0.1621284405700862,0.1476139499573037,0.0850055178725236,0.9149944821274764,0.0215167514979839,0.2608354687690735,0.1716215163469314,17,core_lightweight
salesforce_borg,salesforce_borg,42,delayed_12,race_dlinear,4672,0.0485124327242374,1.0,0.0372200235724449,0.1029197052121162,0.3735634381882846,0.3969564626459032,0.3764538530958816,0.3773068239933247,0.6226851851851852,0.0300026889890432,0.2006100863218307,0.1561832875013351,18,core_lightweight
salesforce_borg,salesforce_borg,42,delayed_12,patchtst,126232,0.0,0.0,0.0397899523377418,0.1109559759497642,0.6650720606558025,0.6821790069807321,0.6702227459754795,0.3045491326173557,0.6954449794089147,0.0208768285810947,0.2938257753849029,0.1763661503791809,37,core_lightweight
salesforce_borg,salesforce_borg,42,level_shift,dlinear,2336,0.0,0.0,0.0247625913470983,0.08690145611763,0.1427794923074543,0.1588989631272852,0.1452002179576084,0.1822290018034022,0.8177676336401809,0.0152441561222076,0.2430952936410904,0.1439576148986816,17,core_lightweight
salesforce_borg,salesforce_borg,42,level_shift,race_dlinear,4672,0.0312635488808155,1.0,0.024932237342,0.0847066342830658,0.3687089774757623,0.3932889609131961,0.373441309784539,0.296604153208441,0.7033895382482773,0.0177460964769125,0.2191826105117797,0.1375546902418136,18,core_lightweight
salesforce_borg,salesforce_borg,42,level_shift,patchtst,126232,0.0,0.0,0.0268286764621734,0.0962264835834503,0.665197498165071,0.7038205105345692,0.6755051435902715,0.108329884663006,0.8916696947674418,0.018854733556509,0.240016832947731,0.1530589610338211,37,core_lightweight
salesforce_borg,salesforce_borg,2024,clean,race_dlinear,4672,0.0179408099502325,1.0,0.0256249215453863,0.0881087854504585,0.377608579583466,0.3994090599007904,0.3802100545726716,0.2107709544573643,0.7892256809862188,0.019163142889738,0.2149127572774887,0.1392693668603897,18,core_lightweight
salesforce_borg,salesforce_borg,2024,clean,dlinear,2336,0.0,0.0,0.0258092042058706,0.0887758657336235,0.1457594917155802,0.1601105090230703,0.1476961799198761,0.1398730216408268,0.8601257166505168,0.0149041786789894,0.2555451691150665,0.1501933187246322,17,core_lightweight
salesforce_borg,salesforce_borg,2024,clean,patchtst,126232,0.0,0.0,0.0292122811079025,0.0975655540823936,0.6701369420625269,0.7164460315834728,0.6823726784205064,0.3233048523632644,0.6766871568152455,0.0149124627932906,0.2898121774196625,0.1636331379413604,37,core_lightweight
salesforce_borg,salesforce_borg,2024,missing_30,patchtst,126232,0.0,0.0,0.0359915420413017,0.1186820566654205,0.6729494780302048,0.8126459957566112,0.7019925455097109,0.3229191900839793,0.6770749219422911,0.0199978947639465,0.3105398118495941,0.192564308643341,37,core_lightweight
salesforce_borg,salesforce_borg,2024,missing_30,dlinear,2336,0.0,0.0,0.0382034629583358,0.1309737563133239,0.1497795456089079,0.1620644179638475,0.1509541791165247,0.2238346858850129,0.776161108419466,0.0204150825738906,0.2936471402645111,0.2016296982765197,17,core_lightweight
salesforce_borg,salesforce_borg,2024,missing_30,race_dlinear,4672,0.0312452707439661,1.0,0.0387860462069511,0.13150455057621,0.3867190098389983,0.4021769564133137,0.3879495256114751,0.3008283537898363,0.6991632348191215,0.0264594964683055,0.2436220347881317,0.1838630437850952,18,core_lightweight
salesforce_borg,salesforce_borg,2024,missing_variables_30,patchtst,126232,0.0,0.0,0.0965314209461212,0.1838622242212295,0.6534649874083698,0.7873649592511356,0.6834681873442605,0.1084173631298449,0.891582216300603,0.0453497841954231,0.4210987091064453,0.3077318072319031,37,core_lightweight
salesforce_borg,salesforce_borg,2024,missing_variables_30,race_dlinear,4672,0.1934708356857299,1.0,0.1620264500379562,0.2897141575813293,0.3685019910335541,0.3862625570036471,0.3708202246343717,0.4473930575742894,0.5526014750215331,0.1198705658316612,0.2969261705875397,0.4173206388950348,18,core_lightweight
salesforce_borg,salesforce_borg,2024,missing_variables_30,dlinear,2336,0.0,0.0,0.1628593653440475,0.2911746799945831,0.1462939544580876,0.1523125392850488,0.1478024205425754,0.2783913887543066,0.7216031438415159,0.0623228959739208,0.5411145091056824,0.4487910866737366,17,core_lightweight
salesforce_borg,salesforce_borg,2024,delayed_12,dlinear,2336,0.0,0.0,0.036680269986391,0.1154644265770912,0.1508940476924181,0.1638944377191364,0.1520776975667104,0.1304425905738587,0.8695557271479328,0.0206678658723831,0.2812715470790863,0.1871454119682312,17,core_lightweight
salesforce_borg,salesforce_borg,2024,delayed_12,race_dlinear,4672,0.0259307567030191,1.0,0.0373528897762298,0.1032194420695304,0.3468724898993969,0.3628594917245209,0.3488936548819765,0.3158363782568906,0.6841577337693798,0.030332064256072,0.2019258141517639,0.1567114889621734,18,core_lightweight
salesforce_borg,salesforce_borg,2024,delayed_12,patchtst,126232,0.0,0.0,0.0398974046111106,0.1149225085973739,0.6156860035844147,0.6302860449068248,0.6176915368996561,0.2695611104381998,0.7304338427271748,0.0173333194106817,0.3218662738800049,0.1833173632621765,37,core_lightweight
salesforce_borg,salesforce_borg,2024,level_shift,dlinear,2336,0.0,0.0,0.0256024282425642,0.0872407257556915,0.145989004522562,0.1554105372633785,0.1477961952332407,0.2051206025247631,0.7948764534883721,0.015401623211801,0.2471303790807724,0.1460413634777069,17,core_lightweight
salesforce_borg,salesforce_borg,2024,level_shift,race_dlinear,4672,0.0142920641228556,1.0,0.0256204027682542,0.0882271975278854,0.3926274948753416,0.4800600407179445,0.4079558741068467,0.2101527172157622,0.7898439182278209,0.0191615652292966,0.2153406143188476,0.1394989490509033,18,core_lightweight
salesforce_borg,salesforce_borg,2024,level_shift,patchtst,126232,0.0,0.0,0.0278177522122859,0.0943276137113571,0.6987459491938353,0.7241109327878803,0.706148354220204,0.2770056120801034,0.722988079376615,0.0130745815113186,0.2932436764240265,0.1593088060617447,37,core_lightweight
salesforce_borg,salesforce_borg,2025,clean,dlinear,2336,0.0,0.0,0.024597967043519,0.0889631658792495,0.1404989743605256,0.1915909524541348,0.1495195901952684,0.0556409311746339,0.944359068825366,0.0135455131530761,0.2586321830749511,0.1502296775579452,17,core_lightweight
salesforce_borg,salesforce_borg,2025,clean,race_dlinear,4672,0.0233209282159805,1.0,0.0252856016159057,0.0835576727986335,0.3906530328094959,0.4430209810379892,0.4015990358311683,0.2592756614717915,0.7407205534022394,0.0177965108305215,0.22023306787014,0.1362692415714264,18,core_lightweight
salesforce_borg,salesforce_borg,2025,clean,patchtst,126232,0.0,0.0,0.0264528021216392,0.0910571813583374,0.6520460010506213,0.6734435446560383,0.6598041945835575,0.1380734045273471,0.8619249131944444,0.0146043384447693,0.2668351233005523,0.1521552801132202,37,core_lightweight
salesforce_borg,salesforce_borg,2025,missing_30,patchtst,126232,0.0,0.0,0.0342245176434516,0.1096620708703994,0.664286024402827,0.8675348595716059,0.7220202562166378,0.4098992820036606,0.5900910448966409,0.0177117064595222,0.3068437874317169,0.1818719357252121,37,core_lightweight
salesforce_borg,salesforce_borg,2025,missing_30,dlinear,2336,0.0,0.0,0.0381544195115566,0.1296935081481933,0.1358990557491779,0.1515294250566512,0.1404014619765803,0.2215636103036175,0.7784313428617571,0.0220855511724948,0.27987140417099,0.199084535241127,17,core_lightweight
salesforce_borg,salesforce_borg,2025,missing_30,race_dlinear,4672,0.0327442623674869,1.0,0.03855412453413,0.1304659694433212,0.4243680159561336,0.4889059578999872,0.4510095226578414,0.287883643545435,0.7121079450635228,0.0269678700715303,0.2394841313362121,0.1847556382417678,18,core_lightweight
salesforce_borg,salesforce_borg,2025,missing_variables_30,patchtst,126232,0.0,0.0,0.0950609967112541,0.180875763297081,0.685506034642458,0.7099610171280801,0.6893605284858495,0.3280101845122739,0.6719822452357881,0.0345768854022026,0.4270924925804138,0.2823182344436645,37,core_lightweight
salesforce_borg,salesforce_borg,2025,missing_variables_30,race_dlinear,4672,0.198282241821289,1.0,0.1625747382640838,0.2935331761837005,0.3761679399758577,0.3874019952490926,0.3777804726269096,0.441516859792205,0.5584768316645133,0.1165819838643074,0.3028234541416168,0.4153896272182464,18,core_lightweight
salesforce_borg,salesforce_borg,2025,missing_variables_30,dlinear,2336,0.0,0.0,0.1646967828273773,0.2900550961494446,0.1590689644217491,0.1845009217504411,0.1658355671679601,0.2725719678617571,0.7274229853036176,0.064686469733715,0.535178005695343,0.4483741819858551,17,core_lightweight
salesforce_borg,salesforce_borg,2025,delayed_12,dlinear,2336,0.0,0.0,0.0359422005712986,0.1070465892553329,0.1299490104429423,0.1360285212285816,0.1308266568230465,0.1566953831556847,0.8433029345661068,0.0217589493840932,0.2590270042419433,0.1710154265165329,17,core_lightweight
salesforce_borg,salesforce_borg,2025,delayed_12,race_dlinear,4672,0.0428027659654617,1.0,0.0374217554926872,0.1028382554650306,0.3316180082038045,0.3424755297601223,0.3329563332954421,0.3178769817237295,0.682117550872093,0.0298165306448936,0.2056644707918167,0.1574773639440536,18,core_lightweight
salesforce_borg,salesforce_borg,2025,delayed_12,patchtst,126232,0.0,0.0,0.0391840636730194,0.1118306666612625,0.6079870508983731,0.6176130205858499,0.6091269518947229,0.2964018592538759,0.7035926733419466,0.0265775695443153,0.2738049328327179,0.1926689743995666,37,core_lightweight
salesforce_borg,salesforce_borg,2025,level_shift,dlinear,2336,0.0,0.0,0.0245828982442617,0.0884926319122314,0.1294190296903252,0.1494855794589966,0.1342563045909628,0.0554874232881136,0.9445125767118864,0.013546222820878,0.2577365040779114,0.1493929475545883,17,core_lightweight
salesforce_borg,salesforce_borg,2025,level_shift,race_dlinear,4672,0.0213213618844747,1.0,0.0253309607505798,0.0839631855487823,0.3759340615943074,0.559820415219292,0.4350596602307632,0.2570668301841085,0.7429289641203703,0.0178586561232805,0.2189135700464248,0.1363195180892944,18,core_lightweight
salesforce_borg,salesforce_borg,2025,level_shift,patchtst,126232,0.0,0.0,0.027095379307866,0.0917965769767761,0.6455564871430397,0.6694114417769015,0.6522679468616843,0.2483433765342377,0.7516524177702412,0.0179037749767303,0.2543449699878692,0.155066430568695,37,core_lightweight
salesforce_borg,salesforce_borg,2026,clean,dlinear,2336,0.0,0.0,0.0249791610985994,0.0874265804886818,0.1435395097360015,0.1626409997697919,0.1453893550205975,0.1796748829134367,0.8203213319605943,0.015780022367835,0.2485427856445312,0.1477642506361007,17,core_lightweight
salesforce_borg,salesforce_borg,2026,clean,race_dlinear,4672,0.0223160535097122,1.0,0.0254882797598838,0.086274154484272,0.3375184605829417,0.3548100416082889,0.339061307022348,0.1686992793120155,0.831298617840224,0.0185495689511299,0.2199968099594116,0.139200821518898,18,core_lightweight
salesforce_borg,salesforce_borg,2026,clean,patchtst,126232,0.0,0.0,0.0282023567706346,0.1066965535283088,0.6550270481966436,0.6709325301926583,0.65796852868516,0.121089964874031,0.8789091939868647,0.0168505888432264,0.2813334465026855,0.1789618730545044,37,core_lightweight
salesforce_borg,salesforce_borg,2026,missing_30,patchtst,126232,0.0,0.0,0.034299261868,0.1065063178539276,0.6271970341913402,0.6403804698493332,0.6294929684372619,0.2745280368486218,0.7254656546080964,0.0170532409101724,0.3042387664318084,0.1748012155294418,37,core_lightweight
salesforce_borg,salesforce_borg,2026,missing_30,dlinear,2336,0.0,0.0,0.038107119500637,0.1310353130102157,0.1438395702280104,0.1598529168404638,0.1485493819927796,0.2541808819175279,0.7458123889696382,0.0205691643059253,0.2887691557407379,0.1954824328422546,17,core_lightweight
salesforce_borg,salesforce_borg,2026,missing_30,race_dlinear,4672,0.0351327583193779,1.0,0.038440104573965,0.1301047503948211,0.3795174998231232,0.4075649369042362,0.3910367813659832,0.297920115336994,0.7020731555501722,0.0268066525459289,0.2388681322336197,0.182307481765747,18,core_lightweight
salesforce_borg,salesforce_borg,2026,missing_variables_30,patchtst,126232,0.0,0.0,0.0801464617252349,0.1658899933099746,0.6252264720387757,0.6448635365813971,0.6278617365751415,0.3647149716031438,0.6352753552971576,0.0380806773900985,0.3830153048038482,0.2720485627651214,37,core_lightweight
salesforce_borg,salesforce_borg,2026,missing_variables_30,race_dlinear,4672,0.1939008980989456,1.0,0.1572826951742172,0.2839480638504028,0.3488434595055878,0.3631165192928165,0.352034336538054,0.4557001473675711,0.5442952263673557,0.1234645023941993,0.2839018702507019,0.4178674817085266,18,core_lightweight
salesforce_borg,salesforce_borg,2026,missing_variables_30,dlinear,2336,0.0,0.0,0.1649093031883239,0.2917697727680206,0.134494446683675,0.14051302568987,0.1357790781185031,0.2570643067667958,0.7429306463985789,0.0617053806781768,0.5495109558105469,0.4510554373264313,17,core_lightweight
salesforce_borg,salesforce_borg,2026,delayed_12,dlinear,2336,0.0,0.0,0.0366964973509311,0.1070133745670318,0.1440244377590716,0.16228454769589,0.1453315431717783,0.2836787891634367,0.716316164001938,0.0225116517394781,0.2658079266548157,0.1730065196752548,17,core_lightweight
salesforce_borg,salesforce_borg,2026,delayed_12,race_dlinear,4672,0.0357468016445636,1.0,0.0367114245891571,0.1018673554062843,0.356168020516634,0.3732525219675153,0.3607625316362828,0.2922361178402239,0.707760097033807,0.0293711088597774,0.2077421098947525,0.1556062400341034,18,core_lightweight
salesforce_borg,salesforce_borg,2026,delayed_12,patchtst,126232,0.0,0.0,0.039625808596611,0.1273441165685653,0.6139174802228808,0.6420145218726243,0.6254091538721696,0.0989179586563307,0.9010757328003876,0.0224067512899637,0.3134303689002991,0.2156692445278167,37,core_lightweight
salesforce_borg,salesforce_borg,2026,level_shift,dlinear,2336,0.0,0.0,0.0250097569078207,0.0871172696352005,0.1474099699407816,0.1535230490844696,0.1485212269471958,0.2525717828111541,0.7474231703542205,0.0160212535411119,0.2491411715745926,0.1484201848506927,17,core_lightweight
salesforce_borg,salesforce_borg,2026,level_shift,race_dlinear,4672,0.0181069057434797,1.0,0.0252937134355306,0.0852548405528068,0.3856284893117845,0.4012933990452438,0.3879419149598107,0.224868866413652,0.7751277690299311,0.0182791389524936,0.2214096039533615,0.1385910660028457,18,core_lightweight
salesforce_borg,salesforce_borg,2026,level_shift,patchtst,126232,0.0,0.0,0.0287083145231008,0.1051919981837272,0.6760414689779282,0.697296520229429,0.6794497807277367,0.1240322694605943,0.8759664688307494,0.0140944551676511,0.2964144051074981,0.1767006367444992,37,core_lightweight
salesforce_borg,salesforce_borg,2027,clean,race_dlinear,4672,0.0140184462070465,1.0,0.0249301493167877,0.0886817127466201,0.380197016056627,0.3959984926041215,0.3779325284995138,0.4158949215385443,0.584094984792205,0.0170381292700767,0.237719789147377,0.1451145708560943,18,core_lightweight
salesforce_borg,salesforce_borg,2027,clean,dlinear,2336,0.0,0.0,0.0251262411475181,0.0889893397688865,0.1493490417487919,0.1582974742632359,0.1513296010671183,0.1264892367840224,0.8735090809377691,0.0131588513031601,0.2669160068035126,0.1530852764844894,17,core_lightweight
salesforce_borg,salesforce_borg,2027,clean,patchtst,126232,0.0,0.0,0.0282767992466688,0.0989953130483627,0.6979575264267623,0.8189954503905028,0.7079726492520422,0.2715020389211886,0.7284916525355297,0.0118078337982296,0.3135168254375458,0.1696063876152038,37,core_lightweight
salesforce_borg,salesforce_borg,2027,missing_30,patchtst,126232,0.0,0.0,0.0354963392019271,0.1089618727564811,0.6757870432920754,0.6954949640203267,0.6766096863429993,0.2133334847383721,0.7866614684270026,0.0164202731102705,0.3185160756111145,0.1818065196275711,37,core_lightweight
salesforce_borg,salesforce_borg,2027,missing_30,dlinear,2336,0.0,0.0,0.0379785858094692,0.131093680858612,0.147411017678678,0.1533879083581268,0.1454397483030334,0.2196319343507752,0.7803625982450474,0.0193568971008062,0.3002979755401611,0.2021427005529403,17,core_lightweight
salesforce_borg,salesforce_borg,2027,missing_30,race_dlinear,4672,0.0297523345798254,1.0,0.0380174405872821,0.1292174905538559,0.3785914741456508,0.4541884874925017,0.3855186980217695,0.2949273424041774,0.7050671901916451,0.0257932003587484,0.2421514689922332,0.1814914494752884,18,core_lightweight
salesforce_borg,salesforce_borg,2027,missing_variables_30,patchtst,126232,0.0,0.0,0.0895867720246315,0.1670188307762146,0.6717605283483863,0.692511594388634,0.6748146814061329,0.3961496016365202,0.6038407252637812,0.0398772619664669,0.380961924791336,0.2717901468276977,37,core_lightweight
salesforce_borg,salesforce_borg,2027,missing_variables_30,dlinear,2336,0.0,0.0,0.160854697227478,0.2839952707290649,0.150005507748574,0.1558485033456235,0.1489940739702433,0.2800850223406546,0.7199103513942722,0.0639165341854095,0.5232341289520264,0.4416016042232513,17,core_lightweight
salesforce_borg,salesforce_borg,2027,missing_variables_30,race_dlinear,4672,0.186809703707695,1.0,0.1646473556756973,0.2978394627571106,0.3677199711091816,0.3770670387893915,0.3599275893066078,0.4309786485249784,0.5690146223621878,0.1108817681670188,0.3172359764575958,0.4104042649269104,18,core_lightweight
salesforce_borg,salesforce_borg,2027,delayed_12,race_dlinear,4672,0.0282925423234701,1.0,0.0359369367361068,0.1052480265498161,0.34888501977548,0.3757235128432508,0.3593807225115597,0.4442816840277778,0.5557082223029716,0.0272548720240592,0.2204594016075134,0.1600774973630905,18,core_lightweight
salesforce_borg,salesforce_borg,2027,delayed_12,dlinear,2336,0.0,0.0,0.0363113731145858,0.10852812230587,0.1439054613001644,0.1511725946329533,0.1453380798920989,0.0806362207956503,0.9193629380652456,0.0189786329865455,0.2805796265602112,0.1757192462682724,17,core_lightweight
salesforce_borg,salesforce_borg,2027,delayed_12,patchtst,126232,0.0,0.0,0.0415623076260089,0.1161007359623909,0.6151300040073693,0.6285724462941289,0.6169259984744713,0.2862774884259259,0.7137170441698967,0.019996628165245,0.3146276175975799,0.1830477714538574,37,core_lightweight
salesforce_borg,salesforce_borg,2027,level_shift,dlinear,2336,0.0,0.0,0.0251351818442344,0.0882010161876678,0.1317750429734587,0.1366524898912757,0.132294010836631,0.1403697142818691,0.8596277623008183,0.013132962398231,0.2657566666603088,0.1514770090579986,17,core_lightweight
salesforce_borg,salesforce_borg,2027,level_shift,race_dlinear,4672,0.0199274476617574,1.0,0.0251390151679515,0.091356061398983,0.3370649646967649,0.3585789178032424,0.3460291540250182,0.4173324282676572,0.5826574780630922,0.0168029610067605,0.2425510883331298,0.1471637189388275,18,core_lightweight
salesforce_borg,salesforce_borg,2027,level_shift,patchtst,126232,0.0,0.0,0.0282011236995458,0.0980203300714492,0.6148190004751086,0.6412295391783118,0.6199046270921826,0.1312635423395779,0.8687351959517657,0.0114806070923805,0.3126229345798492,0.1664226800203323,37,core_lightweight
alibaba2018,alibaba2018,42,clean,official_patchtst,305560,0.0,0.0,0.2747677266597748,0.3764041662216186,1.7342929932055997,2.15040048933588,1.8118806241545824,0.1965659798462986,0.8033596854088247,1.3756954669952393,7.110372543334961,0.3814244270324707,155,official_probe
alibaba2018,alibaba2018,42,missing_30,official_patchtst,305560,0.0,0.0,0.2869473695755005,0.3961051404476166,1.7380934878019616,2.0094209714443423,1.7627780238399282,0.1911558807768716,0.7940274074654956,1.350626826286316,7.275111198425293,0.4220888018608093,155,official_probe
alibaba2018,alibaba2018,42,missing_variables_30,official_patchtst,305560,0.0,0.0,0.5295271277427673,0.5195890069007874,1.7280979955103248,1.9886839436367152,1.755885900638532,0.2517632038111669,0.7470748052593057,2.3759264945983887,8.090529441833496,1.1468664407730105,155,official_probe
alibaba2018,alibaba2018,42,delayed_12,official_patchtst,305560,0.0,0.0,0.3210059404373169,0.4157555699348449,1.7098155076382682,1.7524235547170974,1.71831347324769,0.2228812963979506,0.7332481342795901,1.6117937564849854,7.054640293121338,0.4128373563289642,155,official_probe
alibaba2018,alibaba2018,42,level_shift,official_patchtst,305560,0.0,0.0,0.2833675444126129,0.3936988115310669,1.7416045011486858,2.006690503912978,1.7740780247549992,0.1673271022846089,0.8223272983322878,1.2421672344207764,7.928030967712402,0.4273713827133178,155,official_probe
salesforce_borg,salesforce_borg,42,clean,official_patchtst,305560,0.0,0.0,0.0253262482583522,0.0814702808856964,1.557951996801421,1.5875509838224389,1.5647110500140116,0.2233396755221791,0.7766603244778209,0.0160443801432847,0.2382967323064804,0.1334743797779083,209,official_probe
salesforce_borg,salesforce_borg,42,missing_30,official_patchtst,305560,0.0,0.0,0.0325454100966453,0.0984600260853767,1.6764615138527006,1.72124546370469,1.6881446754268836,0.1541551430609388,0.8458431746608527,0.023643746972084,0.2245073318481445,0.151774600148201,209,official_probe
salesforce_borg,salesforce_borg,42,missing_variables_30,official_patchtst,305560,0.0,0.0,0.2221856564283371,0.2672571539878845,1.694901511655189,2.0140004533459432,1.7707295752188656,0.2755790401593453,0.7244205392711025,0.1054705008864402,0.4014624357223511,0.4854600727558136,209,official_probe
salesforce_borg,salesforce_borg,42,delayed_12,official_patchtst,305560,0.0,0.0,0.0381763353943824,0.1029510274529457,1.7056215147022158,1.974647976749111,1.752007721370319,0.284896758586348,0.7150986151485789,0.0259193703532218,0.2229038923978805,0.1520895510911941,209,official_probe
alibaba2018,alibaba2018,42,clean,official_itransformer_native,280728,0.0,0.0,0.2744022905826568,0.3743766546249389,1.7289840034209192,1.960453498759307,1.7517045518616214,0.2041195335372229,0.7958804664627771,1.4492151737213137,6.842424392700195,0.3813773691654205,30,official_probe
alibaba2018,alibaba2018,42,missing_30,official_itransformer_native,280728,0.0,0.0,0.3012449145317077,0.4101364016532898,1.6621880058664829,2.529840424540452,1.7675180512014776,0.2013662889481388,0.7732986328941865,1.4054609537124634,7.339312553405762,0.4368639290332794,30,official_probe
alibaba2018,alibaba2018,42,missing_variables_30,official_itransformer_native,280728,0.0,0.0,0.5308850407600403,0.5214694142341614,1.6347295022569597,1.6560439893510193,1.63573162353714,0.2477944636135508,0.7269758338561272,2.3424232006073,8.219705581665039,1.1594767570495603,30,official_probe
alibaba2018,alibaba2018,42,delayed_12,official_itransformer_native,280728,0.0,0.0,0.3147231638431549,0.4072796106338501,1.6632750048302114,2.0317129426985048,1.744641501136357,0.2214436134201171,0.7785563865798829,1.6541752815246582,6.863283634185791,0.4255457818508148,30,official_probe
alibaba2018,alibaba2018,42,level_shift,official_itransformer_native,280728,0.0,0.0,0.2806644737720489,0.3873281180858612,1.6531715082237497,1.7608159512747077,1.6530577035155147,0.1748377705457967,0.8046924011919699,1.2749062776565552,7.71491003036499,0.3934661448001861,30,official_probe
salesforce_borg,salesforce_borg,42,clean,official_itransformer_native,280728,0.0,0.0,0.0280383005738258,0.0846590176224708,1.633346997550689,1.7226499563548707,1.6456255252705887,0.3109375841139104,0.6890615747469854,0.021855728700757,0.2102068662643432,0.1314815729856491,34,official_probe
salesforce_borg,salesforce_borg,42,missing_30,official_itransformer_native,280728,0.0,0.0,0.0496115908026695,0.129963219165802,1.497698001912795,1.6178774938452989,1.520622522366466,0.2435652858527131,0.7564300878822137,0.0449422374367713,0.228539302945137,0.1959575116634369,34,official_probe
salesforce_borg,salesforce_borg,42,missing_variables_30,official_itransformer_native,280728,0.0,0.0,0.2006706595420837,0.2759579718112945,1.484227497712709,1.5885035434621386,1.502118074131431,0.4051043685400516,0.5948884817775625,0.1031497195363044,0.3982802927494049,0.4730903208255768,34,official_probe
salesforce_borg,salesforce_borg,42,delayed_12,official_itransformer_native,280728,0.0,0.0,0.041508998721838,0.1116198673844337,1.4811625005677342,1.5894619602477178,1.4990591029345524,0.1157554606750646,0.8842441187553833,0.0310863647609949,0.2291105538606643,0.1641468703746795,34,official_probe
alibaba2018,alibaba2018,42,clean,official_timemixer,128841,0.0,0.0,0.2769900858402252,0.3798676431179046,3.5516069910954684,4.968897506478243,4.017638351069763,0.1923574896748222,0.8076261730186115,1.31426203250885,7.282079219818115,0.3826494216918945,178,official_probe
alibaba2018,alibaba2018,42,missing_30,official_timemixer,128841,0.0,0.0,0.2859092652797699,0.3947429060935974,3.595976988435723,4.99154699355131,4.076247799821431,0.2097183284974905,0.7685346742994563,1.4569306373596191,6.898438930511475,0.4395442008972168,179,official_probe
alibaba2018,alibaba2018,42,missing_variables_30,official_timemixer,128841,0.0,0.0,0.5219794511795044,0.5170495510101318,4.00090949551668,5.815743452694733,4.320079051103676,0.2414220971873693,0.7332162765317859,2.271811962127685,8.308006286621094,1.151862859725952,179,official_probe
alibaba2018,alibaba2018,42,delayed_12,official_timemixer,128841,0.0,0.0,0.3110321760177612,0.407214879989624,3.715985003509559,4.514567447768059,3.8880120497196913,0.2118515723023839,0.7844214796371811,1.5798964500427246,7.001694202423096,0.4273279011249542,179,official_probe
alibaba2018,alibaba2018,42,level_shift,official_timemixer,128841,0.0,0.0,0.2757658660411834,0.3814839124679565,3.519560501445085,3.6215070256730537,3.5176504505216144,0.1849497464450021,0.8066161190401505,1.330036997795105,7.343252658843994,0.3958964049816131,179,official_probe
salesforce_borg,salesforce_borg,42,clean,official_timemixer,129363,0.0,0.0,0.0247524604201316,0.0779961720108985,3.5276979906484485,3.677954550948925,3.5352343002159614,0.0810273504791128,0.9189726495208872,0.0154713215306401,0.2324424833059311,0.1284787952899933,179,official_probe
salesforce_borg,salesforce_borg,42,missing_30,official_timemixer,129363,0.0,0.0,0.0301317572593688,0.0993911027908325,3.9899580006022006,5.033564050972927,4.169704624655424,0.2964472807655038,0.7035485135389751,0.0198924783617258,0.2499203532934188,0.1566644012928009,179,official_probe
salesforce_borg,salesforce_borg,42,missing_variables_30,official_timemixer,129363,0.0,0.0,0.2186122834682464,0.2634919881820678,3.585291997296736,5.003629434213508,4.056779974052915,0.2061737086832472,0.7938258707472007,0.1022282913327217,0.4104091227054596,0.4827869832515716,179,official_probe
salesforce_borg,salesforce_borg,42,delayed_12,official_timemixer,129363,0.0,0.0,0.0369891934096813,0.103043757379055,3.646005498012528,4.331569997884799,3.750011797819752,0.4403060400516795,0.5596842868486219,0.0258301720023155,0.234749361872673,0.1577249616384506,179,official_probe
salesforce_borg,salesforce_borg,42,level_shift,official_timemixer,129363,0.0,0.0,0.0294316746294498,0.1018821746110916,3.5890479921363294,3.943601982609834,3.640946551604429,0.4222951489825581,0.5776947573481912,0.0175734497606754,0.2798238098621368,0.1650648415088653,179,official_probe
